Symbol,EarningsAmntDate,PeriodEnding,EstEarnings,RptEarnings,Surprise,SurprisePct
AAL,22-OCT-20,Sep 2020, - $5.62, - $5.54,0.08,"1.4"
AAP,10-NOV-20,Sep 2020,$2.63,$2.81,0.18,"6.8"
AAPL,29-OCT-20,Sep 2020,$0.69,$0.73,0.04,"5.8"
ABBV,30-OCT-20,Sep 2020,$2.75,$2.83,0.08,"2.9"
ABC,05-NOV-20,Sep 2020,$1.87,$1.89,0.02,"1.0"
ABMD,29-OCT-20,Sep 2020,$0.87,$1.01,0.14,"16.0"
ABT,21-OCT-20,Sep 2020,$0.90,$0.98,0.08,"8.8"
ACAD,04-NOV-20,Sep 2020, - $0.38, - $0.54,-0.16,"-42.1"
ACGL,29-OCT-20,Sep 2020,$0.25,$0.29,0.04,"16.0"
ACHC,29-OCT-20,Sep 2020,$0.55,$0.68,0.13,"23.6"
ACI,20-OCT-20,Aug 2020,$0.27,$0.60,0.33,"122.2"
ACM,16-NOV-20,Sep 2020,$0.57,$0.60,0.03,"5.2"
ACN,24-SEP-20,Aug 2020,$1.74,$1.70,-0.04,"-2.3"
ADBE,15-SEP-20,Aug 2020,$2.40,$2.57,0.17,"7.0"
ADI,24-NOV-20,Oct 2020,$1.32,$1.44,0.12,"9.0"
ADM,29-OCT-20,Sep 2020,$0.71,$0.89,0.18,"25.3"
ADP,28-OCT-20,Sep 2020,$0.97,$1.41,0.44,"45.3"
ADPT,10-NOV-20,Sep 2020, - $0.28, - $0.27,0.01,"3.5"
ADS,29-OCT-20,Sep 2020,$2.28,$3.45,1.17,"51.3"
ADSK,24-NOV-20,Oct 2020,$0.95,$1.04,0.09,"9.4"
ADT,05-NOV-20,Sep 2020,$0.13, - $0.08,-0.21,"-161.5"
AEE,04-NOV-20,Sep 2020,$1.44,$1.47,0.03,"2.0"
AEP,22-OCT-20,Sep 2020,$1.46,$1.47,0.01,"0.6"
AES,06-NOV-20,Sep 2020,$0.43,$0.42,-0.01,"-2.3"
AFG,28-OCT-20,Sep 2020,$1.55,$2.45,0.90,"58.0"
AFL,27-OCT-20,Sep 2020,$1.12,$1.39,0.27,"24.1"
AGCO,03-NOV-20,Sep 2020,$1.02,$2.09,1.07,"104.9"
AGIO,05-NOV-20,Sep 2020, - $1.40, - $1.43,-0.03,"-2.1"
AGNC,26-OCT-20,Sep 2020,$0.57,$0.81,0.24,"42.1"
AGR,20-OCT-20,Sep 2020,$0.41,$0.32,-0.09,"-21.9"
AIG,05-NOV-20,Sep 2020,$0.62,$0.81,0.19,"30.6"
AIZ,02-NOV-20,Sep 2020,$0.94,$1.41,0.47,"50.0"
AJG,29-OCT-20,Sep 2020,$0.90,$1.08,0.18,"20.0"
AKAM,27-OCT-20,Sep 2020,$1.23,$1.31,0.08,"6.5"
AL,09-NOV-20,Sep 2020,$1.03,$1.02,-0.01,"-0.9"
ALB,04-NOV-20,Sep 2020,$0.78,$1.09,0.31,"39.7"
ALGN,21-OCT-20,Sep 2020,$0.59,$2.25,1.66,"281.3"
ALK,22-OCT-20,Sep 2020, - $2.86, - $3.23,-0.37,"-12.9"
ALKS,29-OCT-20,Sep 2020, - $0.01,$0.26,0.27,"2,700.0"
ALL,04-NOV-20,Sep 2020,$1.77,$2.94,1.17,"66.1"
ALLE,22-OCT-20,Sep 2020,$1.20,$1.67,0.47,"39.1"
ALLY,16-OCT-20,Sep 2020,$0.72,$1.25,0.53,"73.6"
ALNY,05-NOV-20,Sep 2020, - $1.75, - $2.18,-0.43,"-24.5"
ALSN,28-OCT-20,Sep 2020,$0.46,$0.68,0.22,"47.8"
ALXN,29-OCT-20,Sep 2020,$2.59,$3.24,0.65,"25.1"
AM,28-OCT-20,Sep 2020,$0.23,$0.25,0.02,"8.7"
AMAT,12-NOV-20,Oct 2020,$1.17,$1.25,0.08,"6.8"
AMCR,05-NOV-20,Sep 2020,$0.15,$0.16,0.01,"6.6"
AMD,27-OCT-20,Sep 2020,$0.36,$0.41,0.05,"13.8"
AME,29-OCT-20,Sep 2020,$0.95,$1.01,0.06,"6.3"
AMED,28-OCT-20,Sep 2020,$1.27,$2.24,0.97,"76.3"
AMG,26-OCT-20,Sep 2020,$2.86,$3.27,0.41,"14.3"
AMGN,28-OCT-20,Sep 2020,$3.75,$4.37,0.62,"16.5"
AMP,28-OCT-20,Sep 2020,$1.35,$1.47,0.12,"8.8"
AMWL,12-NOV-20,Sep 2020, - $0.30, - $0.92,-0.62,"-206.6"
AMZN,29-OCT-20,Sep 2020,$7.30,$12.37,5.07,"69.4"
AN,21-OCT-20,Sep 2020,$1.63,$2.38,0.75,"46.0"
ANET,02-NOV-20,Sep 2020,$2.23,$2.42,0.19,"8.5"
ANSS,04-NOV-20,Sep 2020,$1.26,$1.36,0.10,"7.9"
ANTM,28-OCT-20,Sep 2020,$4.04,$4.20,0.16,"3.9"
AON,30-OCT-20,Sep 2020,$1.51,$1.53,0.02,"1.3"
AOS,29-OCT-20,Sep 2020,$0.53,$0.66,0.13,"24.5"
APA,04-NOV-20,Sep 2020, - $0.37, - $0.16,0.21,"56.7"
APD,11-NOV-20,Sep 2020,$2.23,$2.19,-0.04,"-1.7"
APH,21-OCT-20,Sep 2020,$0.44,$0.55,0.11,"25.0"
APO,29-OCT-20,Sep 2020,$0.49,$0.47,-0.02,"-4.0"
APTV,29-OCT-20,Sep 2020,$0.79,$1.13,0.34,"43.0"
ARD,22-OCT-20,Sep 2020,$0.44,$0.48,0.04,"9.0"
ARES,28-OCT-20,Sep 2020,$0.42,$0.48,0.06,"14.2"
ARMK,17-NOV-20,Sep 2020, - $0.31, - $0.35,-0.04,"-12.9"
ARW,29-OCT-20,Sep 2020,$1.66,$2.08,0.42,"25.3"
ASB,22-OCT-20,Sep 2020,$0.19,$0.24,0.05,"26.3"
ASH,10-NOV-20,Sep 2020,$0.79,$0.99,0.20,"25.3"
ATH,03-NOV-20,Sep 2020,$1.14,$1.53,0.39,"34.2"
ATO,11-NOV-20,Sep 2020,$0.52,$0.53,0.01,"1.9"
ATR,29-OCT-20,Sep 2020,$0.84,$1.00,0.16,"19.0"
ATUS,29-OCT-20,Sep 2020,$0.23,$0.34,0.11,"47.8"
ATVI,29-OCT-20,Sep 2020,$0.64,$0.71,0.07,"10.9"
AVGO,10-DEC-20,Oct 2020,$6.26,$6.35,0.09,"1.4"
AVLR,05-NOV-20,Sep 2020, - $0.09,$0.02,0.11,"122.2"
AVT,28-OCT-20,Sep 2020,$0.12,$0.36,0.24,"200.0"
AVTR,27-OCT-20,Sep 2020,$0.21,$0.24,0.03,"14.2"
AVY,21-OCT-20,Sep 2020,$1.54,$1.91,0.37,"24.0"
AWI,27-OCT-20,Sep 2020,$0.95,$1.07,0.12,"12.6"
AWK,04-NOV-20,Sep 2020,$1.38,$1.46,0.08,"5.8"
AXP,23-OCT-20,Sep 2020,$1.39,$1.30,-0.09,"-6.4"
AXS,28-OCT-20,Sep 2020, - $0.87, - $0.77,0.10,"11.4"
AXTA,21-OCT-20,Sep 2020,$0.33,$0.59,0.26,"78.7"
AYI,08-OCT-20,Aug 2020,$1.96,$2.35,0.39,"19.9"
AYX,05-NOV-20,Sep 2020,$0.12,$0.39,0.27,"225.0"
AZEK,03-DEC-20,Sep 2020,$0.23,$0.29,0.06,"26.0"
AZO,22-SEP-20,Aug 2020,$24.74,$30.93,6.19,"25.0"
BA,28-OCT-20,Sep 2020, - $2.33, - $1.39,0.94,"40.3"
BAC,14-OCT-20,Sep 2020,$0.53,$0.51,-0.02,"-3.7"
BAH,30-OCT-20,Sep 2020,$0.92,$1.03,0.11,"11.9"
BAX,29-OCT-20,Sep 2020,$0.73,$0.83,0.10,"13.7"
BBY,24-NOV-20,Oct 2020,$1.76,$2.06,0.30,"17.0"
BC,29-OCT-20,Sep 2020,$1.36,$1.80,0.44,"32.3"
BDX,05-NOV-20,Sep 2020,$2.50,$2.79,0.29,"11.6"
BEN,27-OCT-20,Sep 2020,$0.69,$0.56,-0.13,"-18.8"
BERY,19-NOV-20,Sep 2020,$1.24,$1.59,0.35,"28.2"
BFAM,05-NOV-20,Sep 2020, - $0.46,$0.02,0.48,"104.3"
BG,28-OCT-20,Sep 2020,$0.20,$2.47,2.27,"1,135.0"
BHF,05-NOV-20,Sep 2020,$3.31,$4.19,0.88,"26.5"
BIGC,05-NOV-20,Sep 2020, - $0.29, - $0.16,0.13,"44.8"
BIIB,21-OCT-20,Sep 2020,$8.06,$8.84,0.78,"9.6"
BILL,05-NOV-20,Sep 2020, - $0.08, - $0.04,0.04,"50.0"
BIO,29-OCT-20,Sep 2020,$1.85,$3.00,1.15,"62.1"
BK,16-OCT-20,Sep 2020,$0.96,$0.98,0.02,"2.0"
BKI,09-NOV-20,Sep 2020,$0.50,$0.52,0.02,"4.0"
BKNG,05-NOV-20,Sep 2020,$15.98,$12.27,-3.71,"-23.2"
BKR,21-OCT-20,Sep 2020,$0.04,$0.04,0.00,"0.0"
BLI,12-NOV-20,Sep 2020, - $0.20, - $0.16,0.04,"20.0"
BLK,13-OCT-20,Sep 2020,$7.81,$9.22,1.41,"18.0"
BLL,05-NOV-20,Sep 2020,$0.77,$0.89,0.12,"15.5"
BLUE,04-NOV-20,Sep 2020, - $3.07, - $2.94,0.13,"4.2"
BMRN,05-NOV-20,Sep 2020,$0.25,$0.54,0.29,"116.0"
BMY,05-NOV-20,Sep 2020,$1.49,$1.63,0.14,"9.4"
BOH,26-OCT-20,Sep 2020,$0.88,$0.95,0.07,"7.9"
BOKF,21-OCT-20,Sep 2020,$1.51,$2.19,0.68,"45.0"
BPOP,28-OCT-20,Sep 2020,$1.11,$2.00,0.89,"80.1"
BR,30-OCT-20,Sep 2020,$0.63,$0.98,0.35,"55.5"
BRKR,02-NOV-20,Sep 2020,$0.33,$0.42,0.09,"27.2"
BRO,26-OCT-20,Sep 2020,$0.42,$0.52,0.10,"23.8"
BSX,28-OCT-20,Sep 2020,$0.25,$0.37,0.12,"48.0"
BURL,24-NOV-20,Oct 2020,$0.19,$0.29,0.10,"52.6"
BWA,29-OCT-20,Sep 2020,$0.75,$0.88,0.13,"17.3"
BWXT,02-NOV-20,Sep 2020,$0.67,$0.79,0.12,"17.9"
BYND,09-NOV-20,Sep 2020,$0.03, - $0.28,-0.31,"-1,033.3"
C,13-OCT-20,Sep 2020,$1.01,$1.40,0.39,"38.6"
CABO,05-NOV-20,Sep 2020,$10.70,$10.96,0.26,"2.4"
CACC,29-OCT-20,Sep 2020,$5.69,$13.56,7.87,"138.3"
CACI,28-OCT-20,Sep 2020,$3.15,$3.67,0.52,"16.5"
CAG,01-OCT-20,Aug 2020,$0.57,$0.70,0.13,"22.8"
CAH,05-NOV-20,Sep 2020,$1.14,$1.51,0.37,"32.4"
CARR,29-OCT-20,Sep 2020,$0.48,$0.67,0.19,"39.5"
CASY,07-DEC-20,Oct 2020,$2.66,$3.00,0.34,"12.7"
CAT,27-OCT-20,Sep 2020,$1.15,$1.34,0.19,"16.5"
CB,27-OCT-20,Sep 2020,$2.16,$2.00,-0.16,"-7.4"
CBOE,30-OCT-20,Sep 2020,$1.07,$1.11,0.04,"3.7"
CBRE,29-OCT-20,Sep 2020,$0.44,$0.73,0.29,"65.9"
CBSH,20-OCT-20,Sep 2020,$0.67,$1.06,0.39,"58.2"
CBT,23-NOV-20,Sep 2020,$0.58,$0.68,0.10,"17.2"
CC,03-NOV-20,Sep 2020,$0.32,$0.47,0.15,"46.8"
CCK,19-OCT-20,Sep 2020,$1.60,$1.96,0.36,"22.5"
CCL,08-OCT-20,Aug 2020, - $2.22, - $2.19,0.03,"1.3"
CDAY,05-NOV-20,Sep 2020,$0.06,$0.12,0.06,"100.0"
CDK,02-NOV-20,Sep 2020,$0.69,$0.82,0.13,"18.8"
CDNS,19-OCT-20,Sep 2020,$0.61,$0.70,0.09,"14.7"
CDW,02-NOV-20,Sep 2020,$1.50,$1.83,0.33,"22.0"
CE,25-OCT-20,Sep 2020,$1.69,$1.95,0.26,"15.3"
CERN,28-OCT-20,Sep 2020,$0.71,$0.72,0.01,"1.4"
CF,04-NOV-20,Sep 2020,$0.05, - $0.13,-0.18,"-360.0"
CFG,16-OCT-20,Sep 2020,$0.70,$0.68,-0.02,"-2.8"
CFR,29-OCT-20,Sep 2020,$1.19,$1.50,0.31,"26.0"
CFX,29-OCT-20,Sep 2020,$0.40,$0.41,0.01,"2.5"
CG,29-OCT-20,Sep 2020,$0.36,$0.40,0.04,"11.1"
CGNX,28-OCT-20,Sep 2020,$0.33,$0.49,0.16,"48.4"
CHD,29-OCT-20,Sep 2020,$0.67,$0.70,0.03,"4.4"
CHE,29-OCT-20,Sep 2020,$3.99,$4.86,0.87,"21.8"
CHGG,26-OCT-20,Sep 2020,$0.12,$0.17,0.05,"41.6"
CHH,05-NOV-20,Sep 2020,$0.72,$0.66,-0.06,"-8.3"
CHNG,04-NOV-20,Sep 2020,$0.25,$0.32,0.07,"28.0"
CHRW,27-OCT-20,Sep 2020,$0.99,$1.00,0.01,"1.0"
CHTR,30-OCT-20,Sep 2020,$3.05,$3.90,0.85,"27.8"
CI,05-NOV-20,Sep 2020,$4.25,$4.41,0.16,"3.7"
CIEN,10-DEC-20,Oct 2020,$0.64,$0.60,-0.04,"-6.2"
CINF,26-OCT-20,Sep 2020,$0.41,$0.39,-0.02,"-4.8"
CL,30-OCT-20,Sep 2020,$0.70,$0.79,0.09,"12.8"
CLGX,22-OCT-20,Sep 2020,$1.17,$1.21,0.04,"3.4"
CLH,04-NOV-20,Sep 2020,$0.28,$0.90,0.62,"221.4"
CLR,05-NOV-20,Sep 2020, - $0.24, - $0.16,0.08,"33.3"
CLX,02-NOV-20,Sep 2020,$2.34,$3.22,0.88,"37.6"
CMA,20-OCT-20,Sep 2020,$0.87,$1.44,0.57,"65.5"
CMCSA,29-OCT-20,Sep 2020,$0.51,$0.65,0.14,"27.4"
CME,28-OCT-20,Sep 2020,$1.41,$1.38,-0.03,"-2.1"
CMG,21-OCT-20,Sep 2020,$3.44,$3.76,0.32,"9.3"
CMI,27-OCT-20,Sep 2020,$2.41,$3.57,1.16,"48.1"
CMS,29-OCT-20,Sep 2020,$0.68,$0.77,0.09,"13.2"
CNA,02-NOV-20,Sep 2020,$0.62,$0.71,0.09,"14.5"
CNC,27-OCT-20,Sep 2020,$0.96,$1.26,0.30,"31.2"
CNP,05-NOV-20,Sep 2020,$0.32,$0.34,0.02,"6.2"
COF,22-OCT-20,Sep 2020,$1.99,$5.05,3.06,"153.7"
COG,29-OCT-20,Sep 2020,$0.07,$0.09,0.02,"28.5"
COHR,10-NOV-20,Sep 2020,$0.84,$1.01,0.17,"20.2"
COLD,05-NOV-20,Sep 2020,$0.29,$0.06,-0.23,"-79.3"
COLM,29-OCT-20,Sep 2020,$1.22,$0.94,-0.28,"-22.9"
COMM,05-NOV-20,Sep 2020,$0.39,$0.51,0.12,"30.7"
COO,03-DEC-20,Oct 2020,$3.11,$3.16,0.05,"1.6"
COP,29-OCT-20,Sep 2020, - $0.30, - $0.31,-0.01,"-3.3"
COST,24-SEP-20,Aug 2020,$2.85,$3.13,0.28,"9.8"
COTY,06-NOV-20,Sep 2020, - $0.07,$0.11,0.18,"257.1"
COUP,07-DEC-20,Oct 2020,$0.04,$0.18,0.14,"350.0"
CPA,18-NOV-20,Sep 2020, - $2.79, - $2.86,-0.07,"-2.5"
CPB,09-DEC-20,Oct 2020,$0.91,$1.02,0.11,"12.0"
CPRI,05-NOV-20,Sep 2020,$0.07,$0.90,0.83,"1,185.7"
CPRT,18-NOV-20,Oct 2020,$0.69,$0.79,0.10,"14.4"
CR,26-OCT-20,Sep 2020,$0.82,$1.05,0.23,"28.0"
CREE,28-OCT-20,Sep 2020, - $0.22, - $0.19,0.03,"13.6"
CRI,23-OCT-20,Sep 2020,$1.67,$1.96,0.29,"17.3"
CRL,29-OCT-20,Sep 2020,$1.80,$2.33,0.53,"29.4"
CRM,01-DEC-20,Oct 2020,$0.74,$1.74,1.00,"135.1"
CRUS,02-NOV-20,Sep 2020,$0.89,$1.26,0.37,"41.5"
CSCO,12-NOV-20,Oct 2020,$0.71,$0.76,0.05,"7.0"
CSGP,27-OCT-20,Sep 2020,$2.08,$2.26,0.18,"8.6"
CSL,20-OCT-20,Sep 2020,$1.74,$1.94,0.20,"11.4"
CSX,21-OCT-20,Sep 2020,$0.93,$0.96,0.03,"3.2"
CTAS,23-SEP-20,Aug 2020,$2.16,$2.78,0.62,"28.7"
CTLT,03-NOV-20,Sep 2020,$0.38,$0.43,0.05,"13.1"
CTSH,28-OCT-20,Sep 2020,$0.90,$0.97,0.07,"7.7"
CTVA,04-NOV-20,Sep 2020, - $0.42, - $0.39,0.03,"7.1"
CTXS,22-OCT-20,Sep 2020,$1.23,$1.38,0.15,"12.2"
CVNA,29-OCT-20,Sep 2020, - $0.30, - $0.10,0.20,"66.6"
CVS,06-NOV-20,Sep 2020,$1.34,$1.66,0.32,"23.8"
CVX,30-OCT-20,Sep 2020, - $0.29,$0.11,0.40,"137.9"
CW,28-OCT-20,Sep 2020,$1.53,$1.85,0.32,"20.9"
D,05-NOV-20,Sep 2020,$1.00,$1.08,0.08,"8.0"
DAL,13-OCT-20,Sep 2020, - $3.14, - $3.30,-0.16,"-5.1"
DBX,05-NOV-20,Sep 2020,$0.19,$0.26,0.07,"36.8"
DCI,03-DEC-20,Oct 2020,$0.45,$0.48,0.03,"6.6"
DCT,20-OCT-20,Aug 2020, - $0.03,$0.02,0.05,"166.6"
DD,29-OCT-20,Sep 2020,$0.77,$0.88,0.11,"14.2"
DDOG,10-NOV-20,Sep 2020,$0.01,$0.05,0.04,"400.0"
DE,25-NOV-20,Oct 2020,$1.44,$2.39,0.95,"65.9"
DELL,24-NOV-20,Oct 2020,$1.39,$2.03,0.64,"46.0"
DFS,21-OCT-20,Sep 2020,$1.63,$2.45,0.82,"50.3"
DG,03-DEC-20,Oct 2020,$1.99,$2.31,0.32,"16.0"
DGX,22-OCT-20,Sep 2020,$3.75,$4.31,0.56,"14.9"
DHI,10-NOV-20,Sep 2020,$1.76,$2.24,0.48,"27.2"
DHR,22-OCT-20,Sep 2020,$1.37,$1.72,0.35,"25.5"
DIS,12-NOV-20,Sep 2020, - $0.68, - $0.20,0.48,"70.5"
DISCA,05-NOV-20,Sep 2020,$0.68,$0.81,0.13,"19.1"
DISH,06-NOV-20,Sep 2020,$0.67,$0.86,0.19,"28.3"
DKS,24-NOV-20,Oct 2020,$0.94,$2.01,1.07,"113.8"
DLB,12-NOV-20,Sep 2020,$0.34,$0.45,0.11,"32.3"
DLTR,24-NOV-20,Oct 2020,$1.15,$1.39,0.24,"20.8"
DNB,05-NOV-20,Sep 2020,$0.22,$0.24,0.02,"9.0"
DOCU,03-DEC-20,Oct 2020,$0.12,$0.22,0.10,"83.3"
DOV,20-OCT-20,Sep 2020,$1.31,$1.60,0.29,"22.1"
DOW,22-OCT-20,Sep 2020,$0.33,$0.50,0.17,"51.5"
DOX,10-NOV-20,Sep 2020,$1.19,$1.23,0.04,"3.3"
DPZ,08-OCT-20,Sep 2020,$2.75,$2.49,-0.26,"-9.4"
DRI,24-SEP-20,Aug 2020,$0.05,$0.56,0.51,"1,020.0"
DT,28-OCT-20,Sep 2020,$0.10,$0.18,0.08,"80.0"
DTE,27-OCT-20,Sep 2020,$2.06,$2.61,0.55,"26.7"
DUK,05-NOV-20,Sep 2020,$1.79,$1.87,0.08,"4.4"
DVA,29-OCT-20,Sep 2020,$1.49,$1.80,0.31,"20.8"
DVN,29-OCT-20,Sep 2020, - $0.08, - $0.04,0.04,"50.0"
DXC,05-NOV-20,Sep 2020,$0.38,$0.64,0.26,"68.4"
DXCM,27-OCT-20,Sep 2020,$0.64,$0.94,0.30,"46.8"
EA,05-NOV-20,Sep 2020,$0.02,$0.29,0.27,"1,350.0"
EAF,03-NOV-20,Sep 2020,$0.31,$0.35,0.04,"12.9"
EBAY,28-OCT-20,Sep 2020,$0.76,$0.85,0.09,"11.8"
ECL,27-OCT-20,Sep 2020,$1.09,$1.15,0.06,"5.5"
ED,05-NOV-20,Sep 2020,$1.51,$1.48,-0.03,"-1.9"
EEFT,28-OCT-20,Sep 2020,$0.52,$1.12,0.60,"115.3"
EFX,21-OCT-20,Sep 2020,$1.61,$1.87,0.26,"16.1"
EHC,28-OCT-20,Sep 2020,$0.75,$0.78,0.03,"4.0"
EIX,27-OCT-20,Sep 2020,$1.44,$1.67,0.23,"15.9"
EL,02-NOV-20,Sep 2020,$0.90,$1.44,0.54,"60.0"
ELAN,06-NOV-20,Sep 2020,$0.12,$0.13,0.01,"8.3"
EMN,29-OCT-20,Sep 2020,$1.40,$1.57,0.17,"12.1"
EMR,03-NOV-20,Sep 2020,$0.95,$1.10,0.15,"15.7"
ENPH,27-OCT-20,Sep 2020,$0.24,$0.30,0.06,"25.0"
ENR,12-NOV-20,Sep 2020,$0.80,$0.59,-0.21,"-26.2"
ENTG,22-OCT-20,Sep 2020,$0.63,$0.67,0.04,"6.3"
EOG,05-NOV-20,Sep 2020,$0.16,$0.43,0.27,"168.7"
EPAM,05-NOV-20,Sep 2020,$1.47,$1.65,0.18,"12.2"
EQH,04-NOV-20,Sep 2020,$1.16,$1.24,0.08,"6.9"
EQT,22-OCT-20,Sep 2020, - $0.22, - $0.15,0.07,"31.8"
ERIE,29-OCT-20,Sep 2020,$1.65,$1.71,0.06,"3.6"
ES,03-NOV-20,Sep 2020,$1.02,$1.01,-0.01,"-0.9"
ESI,27-OCT-20,Sep 2020,$0.20,$0.22,0.02,"10.0"
ESTC,02-DEC-20,Oct 2020, - $0.20, - $0.03,0.17,"85.0"
ETN,03-NOV-20,Sep 2020,$1.05,$1.18,0.13,"12.3"
ETR,28-OCT-20,Sep 2020,$2.42,$2.44,0.02,"0.8"
ETRN,03-NOV-20,Sep 2020,$0.29,$0.31,0.02,"6.9"
ETSY,28-OCT-20,Sep 2020,$0.62,$0.70,0.08,"12.9"
EVBG,05-NOV-20,Sep 2020, - $0.11,$0.05,0.16,"145.4"
EVR,21-OCT-20,Sep 2020,$0.37,$1.11,0.74,"200.0"
EVRG,05-NOV-20,Sep 2020,$1.65,$1.73,0.08,"4.8"
EW,21-OCT-20,Sep 2020,$0.45,$0.51,0.06,"13.3"
EWBC,22-OCT-20,Sep 2020,$0.94,$1.12,0.18,"19.1"
EXAS,27-OCT-20,Sep 2020, - $0.51, - $0.36,0.15,"29.4"
EXC,03-NOV-20,Sep 2020,$0.87,$1.04,0.17,"19.5"
EXEL,05-NOV-20,Sep 2020, - $0.05, - $0.10,-0.05,"-100.0"
EXP,29-OCT-20,Sep 2020,$1.86,$2.02,0.16,"8.6"
EXPD,03-NOV-20,Sep 2020,$0.98,$1.12,0.14,"14.2"
EXPE,04-NOV-20,Sep 2020, - $0.92, - $0.22,0.70,"76.0"
F,28-OCT-20,Sep 2020,$0.22,$0.65,0.43,"195.4"
FAF,22-OCT-20,Sep 2020,$1.35,$1.31,-0.04,"-2.9"
FANG,02-NOV-20,Sep 2020,$0.37,$0.62,0.25,"67.5"
FAST,13-OCT-20,Sep 2020,$0.37,$0.38,0.01,"2.7"
FB,29-OCT-20,Sep 2020,$1.94,$2.71,0.77,"39.6"
FBHS,28-OCT-20,Sep 2020,$1.06,$1.19,0.13,"12.2"
FCN,29-OCT-20,Sep 2020,$1.37,$1.54,0.17,"12.4"
FCX,22-OCT-20,Sep 2020,$0.24,$0.29,0.05,"20.8"
FDS,24-SEP-20,Aug 2020,$2.54,$2.88,0.34,"13.3"
FDX,15-SEP-20,Aug 2020,$2.59,$4.87,2.28,"88.0"
FE,02-NOV-20,Sep 2020,$0.80,$0.84,0.04,"5.0"
FEYE,27-OCT-20,Sep 2020,$0.07,$0.11,0.04,"57.1"
FFIV,26-OCT-20,Sep 2020,$2.38,$2.43,0.05,"2.1"
FHB,23-OCT-20,Sep 2020,$0.31,$0.50,0.19,"61.2"
FHN,23-OCT-20,Sep 2020,$0.17,$0.35,0.18,"105.8"
FICO,10-NOV-20,Sep 2020,$2.26,$3.25,0.99,"43.8"
FIS,29-OCT-20,Sep 2020,$1.42,$1.42,0.00,"0.0"
FISV,27-OCT-20,Sep 2020,$1.15,$1.20,0.05,"4.3"
FITB,22-OCT-20,Sep 2020,$0.59,$0.85,0.26,"44.0"
FIVE,02-DEC-20,Oct 2020,$0.19,$0.36,0.17,"89.4"
FIVN,29-OCT-20,Sep 2020,$0.18,$0.27,0.09,"50.0"
FL,20-NOV-20,Oct 2020,$0.60,$1.21,0.61,"101.6"
FLIR,30-OCT-20,Sep 2020,$0.56,$0.64,0.08,"14.2"
FLO,05-NOV-20,Sep 2020,$0.25,$0.29,0.04,"16.0"
FLS,05-NOV-20,Sep 2020,$0.44,$0.50,0.06,"13.6"
FLT,05-NOV-20,Sep 2020,$2.66,$2.80,0.14,"5.2"
FMC,02-NOV-20,Sep 2020,$1.11,$1.22,0.11,"9.9"
FNB,19-OCT-20,Sep 2020,$0.23,$0.26,0.03,"13.0"
FND,29-OCT-20,Sep 2020,$0.40,$0.56,0.16,"40.0"
FNF,04-NOV-20,Sep 2020,$1.25,$1.48,0.23,"18.4"
FOXA,03-NOV-20,Sep 2020,$0.81,$1.18,0.37,"45.6"
FRC,13-OCT-20,Sep 2020,$1.38,$1.61,0.23,"16.6"
FSLR,27-OCT-20,Sep 2020,$0.60,$1.45,0.85,"141.6"
FSLY,28-OCT-20,Sep 2020, - $0.01, - $0.04,-0.03,"-300.0"
FTDR,04-NOV-20,Sep 2020,$0.59,$0.59,0.00,"0.0"
FTNT,29-OCT-20,Sep 2020,$0.78,$0.88,0.10,"12.8"
FTV,27-OCT-20,Sep 2020,$0.88,$0.94,0.06,"6.8"
FWONK,05-NOV-20,Sep 2020, - $0.04, - $0.41,-0.37,"-925.0"
G,02-NOV-20,Sep 2020,$0.50,$0.56,0.06,"12.0"
GBT,05-NOV-20,Sep 2020, - $0.72, - $0.97,-0.25,"-34.7"
GD,28-OCT-20,Sep 2020,$2.85,$2.90,0.05,"1.7"
GDDY,04-NOV-20,Sep 2020,$0.31,$0.38,0.07,"22.5"
GE,28-OCT-20,Sep 2020, - $0.06,$0.06,0.12,"200.0"
GGG,21-OCT-20,Sep 2020,$0.42,$0.59,0.17,"40.4"
GH,05-NOV-20,Sep 2020, - $0.34, - $0.78,-0.44,"-129.4"
GILD,28-OCT-20,Sep 2020,$1.83,$2.11,0.28,"15.3"
GIS,23-SEP-20,Aug 2020,$0.87,$1.00,0.13,"14.9"
GL,21-OCT-20,Sep 2020,$1.76,$1.75,-0.01,"-0.5"
GLOB,12-NOV-20,Sep 2020,$0.59,$0.60,0.01,"1.6"
GLW,27-OCT-20,Sep 2020,$0.38,$0.43,0.05,"13.1"
GM,05-NOV-20,Sep 2020,$1.47,$2.83,1.36,"92.5"
GMED,28-OCT-20,Sep 2020,$0.31,$0.49,0.18,"58.0"
GNRC,28-OCT-20,Sep 2020,$1.75,$2.08,0.33,"18.8"
GNTX,23-OCT-20,Sep 2020,$0.41,$0.48,0.07,"17.0"
GO,10-NOV-20,Sep 2020,$0.23,$0.50,0.27,"117.3"
GOOG,29-OCT-20,Sep 2020,$11.40,$16.40,5.00,"43.8"
GOOGL,29-OCT-20,Sep 2020,$11.40,$16.40,5.00,"43.8"
GPC,22-OCT-20,Sep 2020,$1.48,$1.63,0.15,"10.1"
GPK,20-OCT-20,Sep 2020,$0.22,$0.26,0.04,"18.1"
GPN,29-OCT-20,Sep 2020,$1.65,$1.71,0.06,"3.6"
GPS,24-NOV-20,Oct 2020,$0.29,$0.25,-0.04,"-13.7"
GRA,28-OCT-20,Sep 2020,$0.50,$0.56,0.06,"12.0"
GRMN,28-OCT-20,Sep 2020,$1.01,$1.58,0.57,"56.4"
GRUB,28-OCT-20,Sep 2020, - $0.07,$0.16,0.23,"328.5"
GS,14-OCT-20,Sep 2020,$5.58,$9.68,4.10,"73.4"
GTES,03-NOV-20,Sep 2020,$0.17,$0.26,0.09,"52.9"
GWRE,08-DEC-20,Oct 2020, - $0.06,$0.17,0.23,"383.3"
GWW,22-OCT-20,Sep 2020,$4.13,$4.52,0.39,"9.4"
H,04-NOV-20,Sep 2020, - $1.25, - $1.48,-0.23,"-18.4"
HAE,04-NOV-20,Sep 2020,$0.50,$0.62,0.12,"24.0"
HAIN,09-NOV-20,Sep 2020,$0.18,$0.27,0.09,"50.0"
HAL,19-OCT-20,Sep 2020,$0.08,$0.11,0.03,"37.5"
HAS,26-OCT-20,Sep 2020,$1.67,$1.88,0.21,"12.5"
HBAN,22-OCT-20,Sep 2020,$0.25,$0.27,0.02,"8.0"
HBI,05-NOV-20,Sep 2020,$0.36,$0.42,0.06,"16.6"
HCA,26-OCT-20,Sep 2020,$2.69,$1.92,-0.77,"-28.6"
HD,17-NOV-20,Oct 2020,$3.08,$3.18,0.10,"3.2"
HEI,21-DEC-20,Oct 2020,$0.43,$0.45,0.02,"4.6"
HES,28-OCT-20,Sep 2020, - $0.71, - $0.71,0.00,"0.0"
HFC,05-NOV-20,Sep 2020, - $0.54, - $0.41,0.13,"24.0"
HHC,05-NOV-20,Sep 2020, - $0.52,$2.70,3.22,"619.2"
HIG,29-OCT-20,Sep 2020,$0.88,$1.46,0.58,"65.9"
HII,05-NOV-20,Sep 2020,$4.18,$5.45,1.27,"30.3"
HLF,05-NOV-20,Sep 2020,$0.93,$1.15,0.22,"23.6"
HLT,04-NOV-20,Sep 2020, - $0.09,$0.06,0.15,"166.6"
HOG,27-OCT-20,Sep 2020,$0.22,$0.78,0.56,"254.5"
HOLX,04-NOV-20,Sep 2020,$1.22,$2.07,0.85,"69.6"
HON,30-OCT-20,Sep 2020,$1.49,$1.56,0.07,"4.7"
HP,19-NOV-20,Sep 2020, - $0.80, - $0.74,0.06,"7.5"
HPE,01-DEC-20,Oct 2020,$0.34,$0.37,0.03,"8.8"
HPQ,24-NOV-20,Oct 2020,$0.52,$0.62,0.10,"19.2"
HRB,08-DEC-20,Oct 2020, - $0.93, - $1.09,-0.16,"-17.2"
HRC,06-NOV-20,Sep 2020,$1.08,$1.17,0.09,"8.3"
HRL,24-NOV-20,Oct 2020,$0.44,$0.43,-0.01,"-2.2"
HSIC,02-NOV-20,Sep 2020,$0.72,$1.03,0.31,"43.0"
HSY,06-NOV-20,Sep 2020,$1.71,$1.86,0.15,"8.7"
HUBB,27-OCT-20,Sep 2020,$2.04,$2.30,0.26,"12.7"
HUBS,05-NOV-20,Sep 2020,$0.13,$0.28,0.15,"115.3"
HUM,03-NOV-20,Sep 2020,$2.86,$3.08,0.22,"7.6"
HUN,29-OCT-20,Sep 2020,$0.25,$0.32,0.07,"28.0"
HWM,09-NOV-20,Sep 2020,$0.04,$0.03,-0.01,"-25.0"
HXL,19-OCT-20,Sep 2020,$0.07, - $0.29,-0.36,"-514.2"
HZNP,02-NOV-20,Sep 2020,$1.00,$1.74,0.74,"74.0"
IAA,02-NOV-20,Sep 2020,$0.31,$0.41,0.10,"32.2"
IAC,05-NOV-20,Sep 2020, - $0.61, - $0.63,-0.02,"-3.2"
IART,28-OCT-20,Sep 2020,$0.57,$0.80,0.23,"40.3"
IBKR,20-OCT-20,Sep 2020,$0.53,$0.53,0.00,"0.0"
IBM,19-OCT-20,Sep 2020,$2.55,$2.58,0.03,"1.1"
ICE,29-OCT-20,Sep 2020,$0.99,$1.03,0.04,"4.0"
ICUI,05-NOV-20,Sep 2020,$1.28,$1.90,0.62,"48.4"
IDA,29-OCT-20,Sep 2020,$1.99,$2.02,0.03,"1.5"
IDXX,29-OCT-20,Sep 2020,$1.42,$1.69,0.27,"19.0"
IEX,27-OCT-20,Sep 2020,$1.20,$1.40,0.20,"16.6"
IFF,09-NOV-20,Sep 2020,$1.45,$1.40,-0.05,"-3.4"
ILMN,29-OCT-20,Sep 2020,$0.77,$1.02,0.25,"32.4"
INCY,05-NOV-20,Sep 2020,$0.72,$0.23,-0.49,"-68.0"
INFO,29-SEP-20,Aug 2020,$0.69,$0.77,0.08,"11.5"
INTC,22-OCT-20,Sep 2020,$1.10,$1.11,0.01,"0.9"
INTU,19-NOV-20,Oct 2020,$0.38,$0.94,0.56,"147.3"
INVH,28-OCT-20,Sep 2020,$0.31,$0.06,-0.25,"-80.6"
IONS,04-NOV-20,Sep 2020, - $0.09, - $0.22,-0.13,"-144.4"
IOVA,05-NOV-20,Sep 2020, - $0.46, - $0.40,0.06,"13.0"
IP,29-OCT-20,Sep 2020,$0.48,$0.71,0.23,"47.9"
IPG,21-OCT-20,Sep 2020,$0.37,$0.53,0.16,"43.2"
IPGP,30-OCT-20,Sep 2020,$0.89,$1.29,0.40,"44.9"
IQV,20-OCT-20,Sep 2020,$1.51,$1.63,0.12,"7.9"
IR,02-NOV-20,Sep 2020,$0.31,$0.40,0.09,"29.0"
ISRG,15-OCT-20,Sep 2020,$2.00,$2.77,0.77,"38.5"
IT,03-NOV-20,Sep 2020,$0.51,$0.91,0.40,"78.4"
ITT,30-OCT-20,Sep 2020,$0.71,$0.82,0.11,"15.4"
ITW,23-OCT-20,Sep 2020,$1.45,$1.83,0.38,"26.2"
IVZ,27-OCT-20,Sep 2020,$0.48,$0.53,0.05,"10.4"
J,24-NOV-20,Sep 2020,$1.30,$1.63,0.33,"25.3"
JAMF,12-NOV-20,Sep 2020,$0.03,$0.07,0.04,"133.3"
JAZZ,02-NOV-20,Sep 2020,$4.03,$4.31,0.28,"6.9"
JBHT,16-OCT-20,Sep 2020,$1.26,$1.18,-0.08,"-6.3"
JBL,24-SEP-20,Aug 2020,$0.66,$0.98,0.32,"48.4"
JBLU,27-OCT-20,Sep 2020, - $1.91, - $1.75,0.16,"8.3"
JCI,03-NOV-20,Sep 2020,$0.73,$0.76,0.03,"4.1"
JEF,23-SEP-20,Aug 2020,$0.27,$1.07,0.80,"296.3"
JKHY,04-NOV-20,Sep 2020,$1.07,$1.19,0.12,"11.2"
JLL,02-NOV-20,Sep 2020,$1.34,$2.99,1.65,"123.1"
JNJ,13-OCT-20,Sep 2020,$1.99,$2.20,0.21,"10.5"
JNPR,27-OCT-20,Sep 2020,$0.44,$0.43,-0.01,"-2.2"
JPM,13-OCT-20,Sep 2020,$2.35,$2.92,0.57,"24.2"
JWN,24-NOV-20,Oct 2020,$0.01,$0.22,0.21,"2,100.0"
K,29-OCT-20,Sep 2020,$0.88,$0.91,0.03,"3.4"
KDP,29-OCT-20,Sep 2020,$0.37,$0.39,0.02,"5.4"
KEX,29-OCT-20,Sep 2020,$0.37,$0.46,0.09,"24.3"
KEY,21-OCT-20,Sep 2020,$0.35,$0.41,0.06,"17.1"
KEYS,18-NOV-20,Oct 2020,$1.46,$1.62,0.16,"10.9"
KHC,29-OCT-20,Sep 2020,$0.63,$0.70,0.07,"11.1"
KKR,30-OCT-20,Sep 2020,$0.40,$0.48,0.08,"20.0"
KLAC,28-OCT-20,Sep 2020,$2.75,$3.03,0.28,"10.1"
KMB,22-OCT-20,Sep 2020,$1.76,$1.72,-0.04,"-2.2"
KMI,21-OCT-20,Sep 2020,$0.21,$0.21,0.00,"0.0"
KMPR,02-NOV-20,Sep 2020,$0.91,$1.36,0.45,"49.4"
KMX,24-SEP-20,Aug 2020,$1.03,$1.79,0.76,"73.7"
KNX,21-OCT-20,Sep 2020,$0.63,$0.79,0.16,"25.4"
KO,22-OCT-20,Sep 2020,$0.45,$0.55,0.10,"22.2"
KR,03-DEC-20,Oct 2020,$0.66,$0.71,0.05,"7.5"
KSS,17-NOV-20,Oct 2020, - $0.43,$0.01,0.44,"102.3"
KSU,16-OCT-20,Sep 2020,$1.88,$1.96,0.08,"4.2"
LAZ,29-OCT-20,Sep 2020,$0.49,$0.67,0.18,"36.7"
LB,18-NOV-20,Oct 2020,$0.06,$1.13,1.07,"1,783.3"
LBRDK,04-NOV-20,Sep 2020,$0.71,$0.38,-0.33,"-46.4"
LDOS,02-NOV-20,Sep 2020,$1.25,$1.47,0.22,"17.6"
LEA,30-OCT-20,Sep 2020,$3.22,$3.73,0.51,"15.8"
LECO,27-OCT-20,Sep 2020,$0.79,$1.10,0.31,"39.2"
LEG,02-NOV-20,Sep 2020,$0.70,$0.80,0.10,"14.2"
LEN,14-SEP-20,Aug 2020,$1.51,$2.12,0.61,"40.4"
LESL,21-DEC-20,Sep 2020,$0.21,$0.28,0.07,"33.3"
LFUS,28-OCT-20,Sep 2020,$1.15,$2.16,1.01,"87.8"
LH,27-OCT-20,Sep 2020,$5.29,$8.41,3.12,"58.9"
LHX,30-OCT-20,Sep 2020,$2.72,$2.84,0.12,"4.4"
LII,19-OCT-20,Sep 2020,$3.13,$3.53,0.40,"12.7"
LIN,05-NOV-20,Sep 2020,$1.97,$2.15,0.18,"9.1"
LITE,02-NOV-20,Sep 2020,$1.47,$1.78,0.31,"21.0"
LKQ,29-OCT-20,Sep 2020,$0.52,$0.75,0.23,"44.2"
LLY,27-OCT-20,Sep 2020,$1.76,$1.54,-0.22,"-12.5"
LMND,10-NOV-20,Sep 2020, - $0.69, - $0.57,0.12,"17.3"
LMT,20-OCT-20,Sep 2020,$6.07,$6.25,0.18,"2.9"
LNC,04-NOV-20,Sep 2020,$2.16, - $0.72,-2.88,"-133.3"
LNG,06-NOV-20,Sep 2020, - $0.57, - $0.87,-0.30,"-52.6"
LNT,02-NOV-20,Sep 2020,$0.89,$0.94,0.05,"5.6"
LOPE,05-NOV-20,Sep 2020,$1.12,$1.14,0.02,"1.7"
LOW,18-NOV-20,Oct 2020,$1.97,$1.98,0.01,"0.5"
LPLA,29-OCT-20,Sep 2020,$1.25,$1.44,0.19,"15.2"
LRCX,21-OCT-20,Sep 2020,$5.17,$5.67,0.50,"9.6"
LSTR,21-OCT-20,Sep 2020,$1.43,$1.61,0.18,"12.5"
LSXMK,05-NOV-20,Sep 2020,$0.41,$0.03,-0.38,"-92.6"
LULU,10-DEC-20,Oct 2020,$0.87,$1.16,0.29,"33.3"
LUMN,04-NOV-20,Sep 2020,$0.31,$0.40,0.09,"29.0"
LUV,22-OCT-20,Sep 2020, - $2.44, - $1.99,0.45,"18.4"
LVS,21-OCT-20,Sep 2020, - $0.58, - $0.67,-0.09,"-15.5"
LW,07-OCT-20,Aug 2020,$0.30,$0.61,0.31,"103.3"
LYB,30-OCT-20,Sep 2020,$1.10,$1.27,0.17,"15.4"
LYFT,10-NOV-20,Sep 2020, - $0.89, - $0.90,-0.01,"-1.1"
LYV,05-NOV-20,Sep 2020, - $2.12, - $2.45,-0.33,"-15.5"
MA,28-OCT-20,Sep 2020,$1.65,$1.60,-0.05,"-3.0"
MAN,20-OCT-20,Sep 2020,$0.63,$1.20,0.57,"90.4"
MANH,22-OCT-20,Sep 2020,$0.40,$0.51,0.11,"27.5"
MAR,06-NOV-20,Sep 2020, - $0.07,$0.06,0.13,"185.7"
MAS,28-OCT-20,Sep 2020,$0.79,$1.04,0.25,"31.6"
MASI,27-OCT-20,Sep 2020,$0.56,$0.80,0.24,"42.8"
MAT,22-OCT-20,Sep 2020,$0.38,$0.95,0.57,"150.0"
MCD,09-NOV-20,Sep 2020,$1.93,$2.22,0.29,"15.0"
MCFE,19-NOV-20,Sep 2020,$0.35,$0.34,-0.01,"-2.8"
MCHP,05-NOV-20,Sep 2020,$1.42,$1.56,0.14,"9.8"
MCK,03-NOV-20,Sep 2020,$3.87,$4.80,0.93,"24.0"
MCO,29-OCT-20,Sep 2020,$2.19,$2.69,0.50,"22.8"
MCY,03-NOV-20,Sep 2020,$1.42,$1.23,-0.19,"-13.3"
MDB,08-DEC-20,Oct 2020, - $0.46, - $0.31,0.15,"32.6"
MDLA,03-DEC-20,Oct 2020, - $0.01,$0.01,0.02,"200.0"
MDLZ,02-NOV-20,Sep 2020,$0.63,$0.63,0.00,"0.0"
MDT,24-NOV-20,Oct 2020,$0.78,$1.02,0.24,"30.7"
MET,04-NOV-20,Sep 2020,$1.65,$1.73,0.08,"4.8"
MGM,29-OCT-20,Sep 2020, - $1.10, - $1.08,0.02,"1.8"
MHK,29-OCT-20,Sep 2020,$2.31,$3.26,0.95,"41.1"
MIC,09-NOV-20,Sep 2020,$0.80,$0.43,-0.37,"-46.2"
MIDD,05-NOV-20,Sep 2020,$1.02,$1.34,0.32,"31.3"
MKC,29-SEP-20,Aug 2020,$0.76,$0.77,0.01,"1.3"
MKL,27-OCT-20,Sep 2020,$0.81,$4.41,3.60,"444.4"
MKSI,27-OCT-20,Sep 2020,$1.76,$1.93,0.17,"9.6"
MKTX,27-OCT-20,Sep 2020,$1.74,$1.78,0.04,"2.3"
MLM,29-OCT-20,Sep 2020,$3.76,$4.71,0.95,"25.2"
MMC,29-OCT-20,Sep 2020,$0.74,$0.82,0.08,"10.8"
MMM,27-OCT-20,Sep 2020,$2.27,$2.43,0.16,"7.0"
MNST,05-NOV-20,Sep 2020,$0.63,$0.65,0.02,"3.1"
MO,30-OCT-20,Sep 2020,$1.15,$1.19,0.04,"3.4"
MOH,28-OCT-20,Sep 2020,$2.19,$3.36,1.17,"53.4"
MOS,02-NOV-20,Sep 2020,$0.22,$0.23,0.01,"4.5"
MPC,02-NOV-20,Sep 2020, - $1.75, - $1.00,0.75,"42.8"
MPWR,29-OCT-20,Sep 2020,$1.68,$1.69,0.01,"0.6"
MRCY,03-NOV-20,Sep 2020,$0.47,$0.51,0.04,"8.5"
MRK,27-OCT-20,Sep 2020,$1.44,$1.74,0.30,"20.8"
MRNA,29-OCT-20,Sep 2020, - $0.43, - $0.59,-0.16,"-37.2"
MRO,04-NOV-20,Sep 2020, - $0.28, - $0.28,0.00,"0.0"
MRVL,03-DEC-20,Oct 2020,$0.25,$0.25,0.00,"0.0"
MS,15-OCT-20,Sep 2020,$1.26,$1.59,0.33,"26.1"
MSA,28-OCT-20,Sep 2020,$1.10,$0.94,-0.16,"-14.5"
MSCI,27-OCT-20,Sep 2020,$1.83,$2.20,0.37,"20.2"
MSFT,27-OCT-20,Sep 2020,$1.53,$1.82,0.29,"18.9"
MSGE,16-NOV-20,Sep 2020, - $4.72, - $3.04,1.68,"35.5"
MSGS,09-NOV-20,Sep 2020, - $0.79, - $1.18,-0.39,"-49.3"
MSI,29-OCT-20,Sep 2020,$1.76,$1.95,0.19,"10.8"
MSM,27-OCT-20,Aug 2020,$0.96,$1.09,0.13,"13.5"
MSP,23-NOV-20,Sep 2020,$0.19,$0.18,-0.01,"-5.2"
MTB,22-OCT-20,Sep 2020,$2.63,$2.77,0.14,"5.3"
MTCH,04-NOV-20,Sep 2020,$0.57,$0.55,-0.02,"-3.5"
MTD,05-NOV-20,Sep 2020,$6.02,$7.02,1.00,"16.6"
MTG,04-NOV-20,Sep 2020,$0.33,$0.43,0.10,"30.3"
MTN,10-DEC-20,Oct 2020, - $3.59, - $3.63,-0.04,"-1.1"
MU,29-SEP-20,Aug 2020,$1.00,$1.08,0.08,"8.0"
MUR,05-NOV-20,Sep 2020, - $0.19, - $0.15,0.04,"21.0"
MXIM,27-OCT-20,Sep 2020,$0.58,$0.72,0.14,"24.1"
NATI,29-OCT-20,Sep 2020,$0.19,$0.23,0.04,"21.0"
NBIX,09-NOV-20,Sep 2020,$0.11, - $0.62,-0.73,"-663.6"
NCLH,09-NOV-20,Sep 2020, - $2.24, - $2.35,-0.11,"-4.9"
NCNO,09-DEC-20,Oct 2020, - $0.09, - $0.03,0.06,"66.6"
NCR,27-OCT-20,Sep 2020,$0.36,$0.54,0.18,"50.0"
NDAQ,21-OCT-20,Sep 2020,$1.45,$1.53,0.08,"5.5"
NDSN,15-DEC-20,Oct 2020,$1.53,$1.59,0.06,"3.9"
NEE,21-OCT-20,Sep 2020,$0.66,$0.67,0.01,"1.5"
NEM,29-OCT-20,Sep 2020,$0.79,$0.86,0.07,"8.8"
NET,05-NOV-20,Sep 2020, - $0.05, - $0.02,0.03,"60.0"
NEWR,05-NOV-20,Sep 2020,$0.02, - $0.07,-0.09,"-450.0"
NFG,05-NOV-20,Sep 2020,$0.34,$0.40,0.06,"17.6"
NFLX,20-OCT-20,Sep 2020,$2.13,$1.74,-0.39,"-18.3"
NI,02-NOV-20,Sep 2020,$0.02,$0.09,0.07,"350.0"
NKE,22-SEP-20,Aug 2020,$0.48,$0.95,0.47,"97.9"
NKTR,05-NOV-20,Sep 2020, - $0.80, - $0.61,0.19,"23.7"
NLOK,05-NOV-20,Sep 2020,$0.33,$0.36,0.03,"9.0"
NLSN,02-NOV-20,Sep 2020,$0.42,$0.43,0.01,"2.3"
NLY,28-OCT-20,Sep 2020,$0.26,$0.32,0.06,"23.0"
NOC,22-OCT-20,Sep 2020,$5.60,$5.89,0.29,"5.1"
NOV,26-OCT-20,Sep 2020, - $0.09, - $0.01,0.08,"88.8"
NOW,28-OCT-20,Sep 2020,$1.03,$1.21,0.18,"17.4"
NRG,05-NOV-20,Sep 2020,$1.01,$1.02,0.01,"0.9"
NRZ,26-OCT-20,Sep 2020,$0.34,$0.31,-0.03,"-8.8"
NSC,28-OCT-20,Sep 2020,$2.36,$2.51,0.15,"6.3"
NTAP,01-DEC-20,Oct 2020,$0.72,$1.05,0.33,"45.8"
NTNX,23-NOV-20,Oct 2020, - $0.57, - $0.44,0.13,"22.8"
NTRS,21-OCT-20,Sep 2020,$1.40,$1.32,-0.08,"-5.7"
NUAN,18-NOV-20,Sep 2020,$0.16,$0.18,0.02,"12.5"
NUE,22-OCT-20,Sep 2020,$0.53,$0.63,0.10,"18.8"
NUS,04-NOV-20,Sep 2020,$0.99,$1.08,0.09,"9.0"
NVCR,29-OCT-20,Sep 2020,$0.04,$0.09,0.05,"125.0"
NVDA,18-NOV-20,Oct 2020,$2.57,$2.91,0.34,"13.2"
NVR,20-OCT-20,Sep 2020,$62.01,$65.11,3.10,"5.0"
NVST,29-OCT-20,Sep 2020,$0.09,$0.48,0.39,"433.3"
NVT,30-OCT-20,Sep 2020,$0.40,$0.45,0.05,"12.5"
NWL,30-OCT-20,Sep 2020,$0.44,$0.84,0.40,"90.9"
NWSA,05-NOV-20,Sep 2020,$0.04,$0.08,0.04,"100.0"
NXST,05-NOV-20,Sep 2020,$2.43,$4.08,1.65,"67.9"
NYCB,28-OCT-20,Sep 2020,$0.23,$0.23,0.00,"0.0"
NYT,05-NOV-20,Sep 2020,$0.15,$0.22,0.07,"46.6"
OC,28-OCT-20,Sep 2020,$1.32,$1.70,0.38,"28.7"
ODFL,27-OCT-20,Sep 2020,$1.51,$1.71,0.20,"13.2"
OGE,05-NOV-20,Sep 2020,$1.09,$1.04,-0.05,"-4.5"
OKE,27-OCT-20,Sep 2020,$0.59,$0.70,0.11,"18.6"
OKTA,02-DEC-20,Oct 2020, - $0.01,$0.04,0.05,"500.0"
OLED,29-OCT-20,Sep 2020,$0.54,$0.85,0.31,"57.4"
OLLI,03-DEC-20,Oct 2020,$0.58,$0.65,0.07,"12.0"
OLN,04-NOV-20,Sep 2020, - $0.23, - $0.20,0.03,"13.0"
OMC,27-OCT-20,Sep 2020,$1.12,$1.21,0.09,"8.0"
OMF,26-OCT-20,Sep 2020,$1.15,$2.19,1.04,"90.4"
ON,31-OCT-20,Sep 2020,$0.19,$0.27,0.08,"42.1"
ORCL,10-SEP-20,Aug 2020,$0.86,$0.93,0.07,"8.1"
ORI,22-OCT-20,Sep 2020,$0.41,$0.62,0.21,"51.2"
ORLY,28-OCT-20,Sep 2020,$6.34,$7.07,0.73,"11.5"
OSH,09-NOV-20,Sep 2020, - $0.15, - $0.15,0.00,"0.0"
OSK,29-OCT-20,Sep 2020,$1.02,$1.30,0.28,"27.4"
OTIS,26-OCT-20,Sep 2020,$0.57,$0.69,0.12,"21.0"
OXY,09-NOV-20,Sep 2020, - $0.70, - $0.84,-0.14,"-20.0"
OZK,22-OCT-20,Sep 2020,$0.57,$0.84,0.27,"47.3"
PACW,14-OCT-20,Sep 2020,$0.63,$0.38,-0.25,"-39.6"
PAG,22-OCT-20,Sep 2020,$1.59,$2.87,1.28,"80.5"
PANW,16-NOV-20,Oct 2020,$1.34,$1.62,0.28,"20.9"
PAYC,04-NOV-20,Sep 2020,$0.56,$0.70,0.14,"25.0"
PAYX,06-OCT-20,Aug 2020,$0.56,$0.63,0.07,"12.5"
PB,28-OCT-20,Sep 2020,$1.31,$1.40,0.09,"6.8"
PBCT,22-OCT-20,Sep 2020,$0.28,$0.34,0.06,"21.4"
PCAR,20-OCT-20,Sep 2020,$0.96,$1.11,0.15,"15.6"
PCG,29-OCT-20,Sep 2020,$0.25,$0.22,-0.03,"-12.0"
PCTY,05-NOV-20,Sep 2020,$0.15,$0.38,0.23,"153.3"
PD,03-DEC-20,Oct 2020, - $0.10, - $0.09,0.01,"10.0"
PEG,30-OCT-20,Sep 2020,$0.95,$0.96,0.01,"1.0"
PEGA,28-OCT-20,Sep 2020, - $0.08, - $0.33,-0.25,"-312.5"
PEN,28-OCT-20,Sep 2020, - $0.13,$0.06,0.19,"146.1"
PEP,01-OCT-20,Sep 2020,$1.48,$1.66,0.18,"12.1"
PFE,27-OCT-20,Sep 2020,$0.70,$0.72,0.02,"2.8"
PFG,26-OCT-20,Sep 2020,$1.47,$0.85,-0.62,"-42.1"
PFPT,29-OCT-20,Sep 2020,$0.39,$0.53,0.14,"35.9"
PG,20-OCT-20,Sep 2020,$1.43,$1.63,0.20,"13.9"
PGR,14-OCT-20,Sep 2020,$1.69,$1.87,0.18,"10.6"
PH,05-NOV-20,Sep 2020,$2.29,$3.07,0.78,"34.0"
PHM,22-OCT-20,Sep 2020,$1.11,$1.34,0.23,"20.7"
PII,27-OCT-20,Sep 2020,$2.18,$2.85,0.67,"30.7"
PINC,02-NOV-20,Sep 2020,$0.50,$0.57,0.07,"14.0"
PINS,28-OCT-20,Sep 2020,$0.01,$0.13,0.12,"1,200.0"
PKG,26-OCT-20,Sep 2020,$1.36,$1.57,0.21,"15.4"
PKI,28-OCT-20,Sep 2020,$1.42,$2.09,0.67,"47.1"
PLAN,24-NOV-20,Oct 2020, - $0.10, - $0.05,0.05,"50.0"
PLNT,05-NOV-20,Sep 2020,$0.11,$0.02,-0.09,"-81.8"
PM,20-OCT-20,Sep 2020,$1.36,$1.42,0.06,"4.4"
PNC,14-OCT-20,Sep 2020,$2.09,$3.39,1.30,"62.2"
PNFP,20-OCT-20,Sep 2020,$1.10,$1.45,0.35,"31.8"
PNR,20-OCT-20,Sep 2020,$0.52,$0.70,0.18,"34.6"
PNW,30-OCT-20,Sep 2020,$2.98,$3.07,0.09,"3.0"
PODD,04-NOV-20,Sep 2020,$0.06,$0.17,0.11,"183.3"
POOL,22-OCT-20,Sep 2020,$2.14,$2.71,0.57,"26.6"
POST,19-NOV-20,Sep 2020,$0.74,$0.58,-0.16,"-21.6"
PPC,28-OCT-20,Sep 2020,$0.33,$0.66,0.33,"100.0"
PPD,27-OCT-20,Sep 2020,$0.32,$0.30,-0.02,"-6.2"
PPG,19-OCT-20,Sep 2020,$1.92,$1.93,0.01,"0.5"
PPL,05-NOV-20,Sep 2020,$0.61,$0.58,-0.03,"-4.9"
PRAH,04-NOV-20,Sep 2020,$1.13,$1.30,0.17,"15.0"
PRGO,04-NOV-20,Sep 2020,$0.84,$0.93,0.09,"10.7"
PRI,04-NOV-20,Sep 2020,$2.38,$2.78,0.40,"16.8"
PRU,03-NOV-20,Sep 2020,$2.69,$3.21,0.52,"19.3"
PSTG,24-NOV-20,Oct 2020, - $0.01,$0.01,0.02,"200.0"
PSX,30-OCT-20,Sep 2020, - $0.80, - $0.01,0.79,"98.7"
PTC,28-OCT-20,Sep 2020,$0.56,$0.78,0.22,"39.2"
PTON,05-NOV-20,Sep 2020,$0.12,$0.20,0.08,"66.6"
PVH,02-DEC-20,Oct 2020,$0.24,$1.32,1.08,"450.0"
PWR,29-OCT-20,Sep 2020,$1.11,$1.40,0.29,"26.1"
PXD,04-NOV-20,Sep 2020,$0.18,$0.17,-0.01,"-5.5"
PYPL,02-NOV-20,Sep 2020,$0.94,$1.07,0.13,"13.8"
QCOM,04-NOV-20,Sep 2020,$1.19,$1.45,0.26,"21.8"
QDEL,29-OCT-20,Sep 2020,$4.58,$5.78,1.20,"26.2"
QGEN,27-OCT-20,Sep 2020,$0.55,$0.58,0.03,"5.4"
QRTEA,04-NOV-20,Sep 2020,$0.43,$0.57,0.14,"32.5"
QRVO,04-NOV-20,Sep 2020,$2.14,$2.43,0.29,"13.5"
R,28-OCT-20,Sep 2020, - $0.43,$1.21,1.64,"381.4"
RBC,28-OCT-20,Sep 2020,$1.24,$1.73,0.49,"39.5"
RCL,29-OCT-20,Sep 2020, - $4.92, - $5.62,-0.70,"-14.2"
RE,29-OCT-20,Sep 2020,$2.81,$2.42,-0.39,"-13.8"
REGN,05-NOV-20,Sep 2020,$7.23,$8.36,1.13,"15.6"
RETA,09-NOV-20,Sep 2020, - $2.10, - $1.94,0.16,"7.6"
REYN,11-NOV-20,Sep 2020,$0.51,$0.56,0.05,"9.8"
RF,20-OCT-20,Sep 2020,$0.34,$0.49,0.15,"44.1"
RGA,05-NOV-20,Sep 2020,$1.98,$3.51,1.53,"77.2"
RGEN,05-NOV-20,Sep 2020,$0.28,$0.40,0.12,"42.8"
RGLD,04-NOV-20,Sep 2020,$0.80,$0.82,0.02,"2.5"
RHI,22-OCT-20,Sep 2020,$0.60,$0.67,0.07,"11.6"
RJF,28-OCT-20,Sep 2020,$1.36,$1.78,0.42,"30.8"
RKT,10-NOV-20,Sep 2020,$1.03,$1.21,0.18,"17.4"
RL,29-OCT-20,Sep 2020,$0.94,$1.44,0.50,"53.1"
RMD,29-OCT-20,Sep 2020,$0.98,$1.27,0.29,"29.5"
RNG,09-NOV-20,Sep 2020,$0.24,$0.26,0.02,"8.3"
RNR,27-OCT-20,Sep 2020, - $2.03, - $2.64,-0.61,"-30.0"
ROK,10-NOV-20,Sep 2020,$1.77,$1.87,0.10,"5.6"
ROKU,05-NOV-20,Sep 2020, - $0.39,$0.09,0.48,"123.0"
ROL,28-OCT-20,Sep 2020,$0.15,$0.17,0.02,"13.3"
ROP,27-OCT-20,Sep 2020,$3.01,$3.17,0.16,"5.3"
ROST,19-NOV-20,Oct 2020,$0.63,$1.02,0.39,"61.9"
RPM,07-OCT-20,Aug 2020,$1.21,$1.44,0.23,"19.0"
RPRX,10-NOV-20,Sep 2020,$0.59,$0.48,-0.11,"-18.6"
RS,22-OCT-20,Sep 2020,$1.53,$1.87,0.34,"22.2"
RSG,05-NOV-20,Sep 2020,$0.83,$1.00,0.17,"20.4"
RTX,27-OCT-20,Sep 2020,$0.48,$0.58,0.10,"20.8"
RYN,28-OCT-20,Sep 2020,$0.04,$0.06,0.02,"50.0"
SABR,06-NOV-20,Sep 2020, - $0.63, - $0.82,-0.19,"-30.1"
SAGE,05-NOV-20,Sep 2020, - $2.30, - $2.03,0.27,"11.7"
SAIC,03-DEC-20,Oct 2020,$1.53,$1.62,0.09,"5.8"
SAM,22-OCT-20,Sep 2020,$5.24,$6.10,0.86,"16.4"
SATS,05-NOV-20,Sep 2020, - $0.14,$0.26,0.40,"285.7"
SBAC,02-NOV-20,Sep 2020,$2.32,$0.20,-2.12,"-91.3"
SBNY,20-OCT-20,Sep 2020,$2.78,$2.62,-0.16,"-5.7"
SBUX,29-OCT-20,Sep 2020,$0.33,$0.51,0.18,"54.5"
SC,28-OCT-20,Sep 2020,$0.75,$1.58,0.83,"110.6"
SCCO,26-OCT-20,Sep 2020,$0.57,$0.65,0.08,"14.0"
SCHW,15-OCT-20,Sep 2020,$0.47,$0.51,0.04,"8.5"
SCI,28-OCT-20,Sep 2020,$0.43,$0.79,0.36,"83.7"
SEDG,02-NOV-20,Sep 2020,$0.82,$1.21,0.39,"47.5"
SEE,28-OCT-20,Sep 2020,$0.67,$0.82,0.15,"22.3"
SEIC,21-OCT-20,Sep 2020,$0.81,$0.75,-0.06,"-7.4"
SFM,28-OCT-20,Sep 2020,$0.35,$0.52,0.17,"48.5"
SGEN,29-OCT-20,Sep 2020, - $0.08,$3.50,3.58,"4,475.0"
SHW,27-OCT-20,Sep 2020,$2.60,$2.76,0.16,"6.1"
SIRI,22-OCT-20,Sep 2020,$0.06,$0.06,0.00,"0.0"
SIVB,22-OCT-20,Sep 2020,$5.45,$8.47,3.02,"55.4"
SIX,28-OCT-20,Sep 2020, - $1.06, - $1.37,-0.31,"-29.2"
SJM,24-NOV-20,Oct 2020,$2.24,$2.39,0.15,"6.7"
SKX,29-OCT-20,Sep 2020,$0.35,$0.53,0.18,"51.4"
SLB,16-OCT-20,Sep 2020,$0.13,$0.16,0.03,"23.0"
SLGN,21-OCT-20,Sep 2020,$0.95,$1.04,0.09,"9.4"
SLM,21-OCT-20,Sep 2020,$0.14,$0.47,0.33,"235.7"
SMAR,07-DEC-20,Oct 2020, - $0.22, - $0.12,0.10,"45.4"
SMG,04-NOV-20,Sep 2020,$0.07,$0.06,-0.01,"-14.2"
SNA,22-OCT-20,Sep 2020,$2.16,$3.28,1.12,"51.8"
SNDR,29-OCT-20,Sep 2020,$0.31,$0.31,0.00,"0.0"
SNPS,02-DEC-20,Oct 2020,$1.57,$1.58,0.01,"0.6"
SNV,20-OCT-20,Sep 2020,$0.48,$0.89,0.41,"85.4"
SNX,29-SEP-20,Aug 2020,$2.31,$3.33,1.02,"44.1"
SO,29-OCT-20,Sep 2020,$1.24,$1.22,-0.02,"-1.6"
SON,22-OCT-20,Sep 2020,$0.81,$0.86,0.05,"6.1"
SPB,13-NOV-20,Sep 2020,$1.19,$1.72,0.53,"44.5"
SPCE,05-NOV-20,Sep 2020, - $0.27, - $0.34,-0.07,"-25.9"
SPGI,27-OCT-20,Sep 2020,$2.64,$2.85,0.21,"7.9"
SPLK,02-DEC-20,Oct 2020,$0.10, - $0.07,-0.17,"-170.0"
SPOT,29-OCT-20,Sep 2020, - $0.58, - $0.68,-0.10,"-17.2"
SPR,03-NOV-20,Sep 2020, - $1.65, - $1.34,0.31,"18.7"
SQ,05-NOV-20,Sep 2020,$0.14,$0.34,0.20,"142.8"
SRCL,05-NOV-20,Sep 2020,$0.57,$0.68,0.11,"19.3"
SRE,05-NOV-20,Sep 2020,$1.47,$1.31,-0.16,"-10.8"
SRPT,05-NOV-20,Sep 2020, - $1.89, - $2.50,-0.61,"-32.2"
SSNC,28-OCT-20,Sep 2020,$1.00,$1.10,0.10,"10.0"
ST,27-OCT-20,Sep 2020,$0.54,$0.66,0.12,"22.2"
STAY,09-NOV-20,Sep 2020,$0.12,$0.19,0.07,"58.3"
STE,02-NOV-20,Sep 2020,$1.24,$1.48,0.24,"19.3"
STL,21-OCT-20,Sep 2020,$0.38,$0.45,0.07,"18.4"
STLD,19-OCT-20,Sep 2020,$0.47,$0.51,0.04,"8.5"
STNE,29-OCT-20,Sep 2020,$0.13,$0.16,0.03,"23.0"
STT,16-OCT-20,Sep 2020,$1.42,$1.45,0.03,"2.1"
STWD,05-NOV-20,Sep 2020,$0.47,$0.50,0.03,"6.3"
STZ,01-OCT-20,Aug 2020,$2.51,$2.76,0.25,"9.9"
SWCH,05-NOV-20,Sep 2020,$0.04,$0.05,0.01,"25.0"
SWI,27-OCT-20,Sep 2020,$0.24,$0.28,0.04,"16.6"
SWK,27-OCT-20,Sep 2020,$2.67,$2.89,0.22,"8.2"
SWKS,02-NOV-20,Sep 2020,$1.52,$1.85,0.33,"21.7"
SYF,20-OCT-20,Sep 2020,$0.83,$0.72,-0.11,"-13.2"
SYK,29-OCT-20,Sep 2020,$1.40,$2.14,0.74,"52.8"
SYNH,29-OCT-20,Sep 2020,$0.90,$1.04,0.14,"15.5"
SYY,03-NOV-20,Sep 2020,$0.20,$0.34,0.14,"70.0"
T,22-OCT-20,Sep 2020,$0.77,$0.76,-0.01,"-1.3"
TAP,29-OCT-20,Sep 2020,$1.04,$1.62,0.58,"55.7"
TCF,26-OCT-20,Sep 2020,$0.62,$0.63,0.01,"1.6"
TDC,05-NOV-20,Sep 2020,$0.31,$0.43,0.12,"38.7"
TDG,12-NOV-20,Sep 2020,$1.90,$2.89,0.99,"52.1"
TDOC,28-OCT-20,Sep 2020, - $0.33, - $0.13,0.20,"60.6"
TDS,05-NOV-20,Sep 2020,$0.26,$0.66,0.40,"153.8"
TDY,21-OCT-20,Sep 2020,$2.40,$2.48,0.08,"3.3"
TEAM,29-OCT-20,Sep 2020,$0.27,$0.30,0.03,"11.1"
TECH,05-NOV-20,Sep 2020,$1.14,$1.43,0.29,"25.4"
TER,20-OCT-20,Sep 2020,$1.11,$1.18,0.07,"6.3"
TFC,15-OCT-20,Sep 2020,$0.88,$0.97,0.09,"10.2"
TFSL,29-OCT-20,Sep 2020,$0.06,$0.05,-0.01,"-16.6"
TFX,29-OCT-20,Sep 2020,$2.27,$2.77,0.50,"22.0"
TGT,18-NOV-20,Oct 2020,$1.61,$2.79,1.18,"73.2"
THG,27-OCT-20,Sep 2020,$2.24,$2.46,0.22,"9.8"
THO,08-DEC-20,Oct 2020,$1.46,$2.05,0.59,"40.4"
THS,05-NOV-20,Sep 2020,$0.61,$0.71,0.10,"16.3"
TJX,18-NOV-20,Oct 2020,$0.41,$0.71,0.30,"73.1"
TKR,29-OCT-20,Sep 2020,$0.91,$1.13,0.22,"24.1"
TMO,21-OCT-20,Sep 2020,$4.37,$5.63,1.26,"28.8"
TMUS,05-NOV-20,Sep 2020,$0.51,$1.17,0.66,"129.4"
TMX,05-NOV-20,Sep 2020,$0.22,$0.26,0.04,"18.1"
TNDM,05-NOV-20,Sep 2020, - $0.08, - $0.09,-0.01,"-12.5"
TOL,07-DEC-20,Oct 2020,$1.23,$1.55,0.32,"26.0"
TPR,29-OCT-20,Sep 2020,$0.22,$0.58,0.36,"163.6"
TPX,29-OCT-20,Sep 2020,$0.55,$0.74,0.19,"34.5"
TREE,05-NOV-20,Sep 2020, - $0.15, - $0.26,-0.11,"-73.3"
TREX,02-NOV-20,Sep 2020,$0.38,$0.41,0.03,"7.8"
TRGP,05-NOV-20,Sep 2020,$0.09,$0.16,0.07,"77.7"
TRIP,05-NOV-20,Sep 2020, - $0.29, - $0.17,0.12,"41.3"
TRMB,04-NOV-20,Sep 2020,$0.43,$0.60,0.17,"39.5"
TRN,21-OCT-20,Sep 2020,$0.05,$0.17,0.12,"240.0"
TROW,29-OCT-20,Sep 2020,$2.53,$2.55,0.02,"0.7"
TRU,27-OCT-20,Sep 2020,$0.76,$0.81,0.05,"6.5"
TRV,20-OCT-20,Sep 2020,$2.91,$3.12,0.21,"7.2"
TSCO,22-OCT-20,Sep 2020,$1.38,$1.62,0.24,"17.3"
TSLA,21-OCT-20,Sep 2020,$0.55,$0.76,0.21,"38.1"
TSN,16-NOV-20,Sep 2020,$1.15,$1.81,0.66,"57.3"
TT,28-OCT-20,Sep 2020,$1.34,$1.72,0.38,"28.3"
TTC,16-DEC-20,Oct 2020,$0.52,$0.64,0.12,"23.0"
TTD,05-NOV-20,Sep 2020,$0.49,$1.27,0.78,"159.1"
TTWO,05-NOV-20,Sep 2020,$1.45,$2.04,0.59,"40.6"
TW,28-OCT-20,Sep 2020,$0.29,$0.30,0.01,"3.4"
TWLO,26-OCT-20,Sep 2020, - $0.05,$0.04,0.09,"180.0"
TWOU,27-OCT-20,Sep 2020, - $0.27, - $0.24,0.03,"11.1"
TWTR,29-OCT-20,Sep 2020,$0.06,$0.19,0.13,"216.6"
TXG,10-NOV-20,Sep 2020, - $0.33, - $0.33,0.00,"0.0"
TXN,20-OCT-20,Sep 2020,$1.27,$1.45,0.18,"14.1"
TXT,29-OCT-20,Sep 2020,$0.35,$0.53,0.18,"51.4"
TYL,04-NOV-20,Sep 2020,$1.34,$1.50,0.16,"11.9"
U,12-NOV-20,Sep 2020, - $0.15, - $0.09,0.06,"40.0"
UAA,30-OCT-20,Sep 2020,$0.04,$0.26,0.22,"550.0"
UAL,14-OCT-20,Sep 2020, - $7.63, - $8.16,-0.53,"-6.9"
UBER,05-NOV-20,Sep 2020, - $0.60, - $0.62,-0.02,"-3.3"
UDR,29-OCT-20,Sep 2020,$0.50,$0.50,0.00,"0.0"
UGI,18-NOV-20,Sep 2020, - $0.33, - $0.14,0.19,"57.5"
UHAL,04-NOV-20,Sep 2020,$4.58,$13.58,9.00,"196.5"
UHS,29-OCT-20,Sep 2020,$2.04,$2.88,0.84,"41.1"
UI,06-NOV-20,Sep 2020,$1.47,$2.47,1.00,"68.0"
ULTA,03-DEC-20,Oct 2020,$1.51,$1.64,0.13,"8.6"
UMPQ,21-OCT-20,Sep 2020,$0.34,$0.57,0.23,"67.6"
UNH,14-OCT-20,Sep 2020,$2.98,$3.51,0.53,"17.7"
UNM,27-OCT-20,Sep 2020,$1.31,$1.21,-0.10,"-7.6"
UNP,22-OCT-20,Sep 2020,$2.03,$2.01,-0.02,"-0.9"
UNVR,04-NOV-20,Sep 2020,$0.23,$0.34,0.11,"47.8"
UPS,28-OCT-20,Sep 2020,$1.86,$2.28,0.42,"22.5"
URI,28-OCT-20,Sep 2020,$4.33,$5.40,1.07,"24.7"
USB,14-OCT-20,Sep 2020,$0.93,$0.99,0.06,"6.4"
USFD,02-NOV-20,Sep 2020,$0.20,$0.15,-0.05,"-25.0"
USM,05-NOV-20,Sep 2020,$0.30,$0.97,0.67,"223.3"
UTHR,28-OCT-20,Sep 2020,$2.41,$3.84,1.43,"59.3"
V,28-OCT-20,Sep 2020,$1.09,$1.12,0.03,"2.7"
VEEV,01-DEC-20,Oct 2020,$0.68,$0.78,0.10,"14.7"
VFC,16-OCT-20,Sep 2020,$0.51,$0.67,0.16,"31.3"
VIAC,06-NOV-20,Sep 2020,$0.83,$0.91,0.08,"9.6"
VICI,28-OCT-20,Sep 2020,$0.42,$0.74,0.32,"76.1"
VIRT,06-NOV-20,Sep 2020,$0.75,$0.81,0.06,"8.0"
VLO,22-OCT-20,Sep 2020, - $1.35, - $1.16,0.19,"14.0"
VMC,05-NOV-20,Sep 2020,$1.63,$1.56,-0.07,"-4.2"
VMI,21-OCT-20,Sep 2020,$1.71,$1.99,0.28,"16.3"
VMW,24-NOV-20,Oct 2020,$1.43,$1.66,0.23,"16.0"
VNT,29-OCT-20,Sep 2020,$0.69,$0.80,0.11,"15.9"
VOYA,04-NOV-20,Sep 2020,$1.41,$1.19,-0.22,"-15.6"
VRM,11-NOV-20,Sep 2020, - $0.37, - $0.31,0.06,"16.2"
VRSK,04-NOV-20,Sep 2020,$1.21,$1.32,0.11,"9.0"
VRSN,22-OCT-20,Sep 2020,$1.26,$1.49,0.23,"18.2"
VRT,04-NOV-20,Sep 2020,$0.26,$0.32,0.06,"23.0"
VRTX,29-OCT-20,Sep 2020,$2.39,$2.64,0.25,"10.4"
VSAT,05-NOV-20,Sep 2020, - $0.05,$0.03,0.08,"160.0"
VST,04-NOV-20,Sep 2020,$0.40,$1.02,0.62,"155.0"
VVV,28-OCT-20,Sep 2020,$0.36,$0.46,0.10,"27.7"
VZ,21-OCT-20,Sep 2020,$1.22,$1.25,0.03,"2.4"
W,03-NOV-20,Sep 2020,$0.81,$2.30,1.49,"183.9"
WAB,29-OCT-20,Sep 2020,$0.90,$0.95,0.05,"5.5"
WAL,22-OCT-20,Sep 2020,$1.04,$1.36,0.32,"30.7"
WAT,27-OCT-20,Sep 2020,$1.91,$2.16,0.25,"13.0"
WBA,15-OCT-20,Aug 2020,$0.96,$1.02,0.06,"6.2"
WBS,22-OCT-20,Sep 2020,$0.69,$0.75,0.06,"8.7"
WDAY,19-NOV-20,Oct 2020,$0.67,$0.86,0.19,"28.3"
WDC,28-OCT-20,Sep 2020,$0.54,$0.65,0.11,"20.3"
WEC,03-NOV-20,Sep 2020,$0.76,$0.84,0.08,"10.5"
WEN,04-NOV-20,Sep 2020,$0.17,$0.19,0.02,"11.7"
WEX,29-OCT-20,Sep 2020,$1.75,$1.59,-0.16,"-9.1"
WFC,14-OCT-20,Sep 2020,$0.47,$0.56,0.09,"19.1"
WH,28-OCT-20,Sep 2020,$0.30,$0.36,0.06,"20.0"
WHR,21-OCT-20,Sep 2020,$4.10,$6.91,2.81,"68.5"
WLK,03-NOV-20,Sep 2020,$0.46,$0.60,0.14,"30.4"
WLTW,29-OCT-20,Sep 2020,$1.28,$1.33,0.05,"3.9"
WM,02-NOV-20,Sep 2020,$1.03,$1.09,0.06,"5.8"
WMB,02-NOV-20,Sep 2020,$0.27,$0.27,0.00,"0.0"
WMT,17-NOV-20,Oct 2020,$1.19,$1.34,0.15,"12.6"
WORK,01-DEC-20,Oct 2020, - $0.05,$0.01,0.06,"120.0"
WRB,20-OCT-20,Sep 2020,$0.62,$0.65,0.03,"4.8"
WRK,05-NOV-20,Sep 2020,$0.68,$0.73,0.05,"7.3"
WSM,19-NOV-20,Oct 2020,$1.52,$2.56,1.04,"68.4"
WSO,22-OCT-20,Sep 2020,$2.53,$2.76,0.23,"9.0"
WST,22-OCT-20,Sep 2020,$1.01,$1.15,0.14,"13.8"
WTFC,21-OCT-20,Sep 2020,$1.08,$1.67,0.59,"54.6"
WTRG,03-NOV-20,Sep 2020,$0.26,$0.23,-0.03,"-11.5"
WU,29-OCT-20,Sep 2020,$0.47,$0.57,0.10,"21.2"
WWD,19-NOV-20,Sep 2020,$0.54,$0.75,0.21,"38.8"
WWE,29-OCT-20,Sep 2020,$0.35,$0.56,0.21,"60.0"
WY,30-OCT-20,Sep 2020,$0.39,$0.52,0.13,"33.3"
WYNN,05-NOV-20,Sep 2020, - $3.32, - $7.04,-3.72,"-112.0"
XEC,04-NOV-20,Sep 2020,$0.21,$0.51,0.30,"142.8"
XEL,29-OCT-20,Sep 2020,$1.08,$1.14,0.06,"5.5"
XLNX,21-OCT-20,Sep 2020,$0.76,$0.82,0.06,"7.8"
XLRN,05-NOV-20,Sep 2020, - $0.55, - $0.66,-0.11,"-20.0"
XOM,30-OCT-20,Sep 2020, - $0.28, - $0.18,0.10,"35.7"
XPO,05-NOV-20,Sep 2020,$0.38,$0.84,0.46,"121.0"
XRAY,05-NOV-20,Sep 2020,$0.28,$0.67,0.39,"139.2"
XRX,27-OCT-20,Sep 2020,$0.24,$0.48,0.24,"100.0"
XYL,29-OCT-20,Sep 2020,$0.52,$0.62,0.10,"19.2"
Y,03-NOV-20,Sep 2020, - $3.37,$3.23,6.60,"195.8"
YUM,29-OCT-20,Sep 2020,$0.79,$1.01,0.22,"27.8"
YUMC,28-OCT-20,Sep 2020,$0.46,$0.66,0.20,"43.4"
ZBH,06-NOV-20,Sep 2020,$1.05,$1.81,0.76,"72.3"
ZBRA,03-NOV-20,Sep 2020,$2.82,$3.27,0.45,"15.9"
ZEN,29-OCT-20,Sep 2020,$0.10,$0.17,0.07,"70.0"
ZG,05-NOV-20,Sep 2020,$0.15,$0.37,0.22,"146.6"
ZION,19-OCT-20,Sep 2020,$0.86,$1.01,0.15,"17.4"
ZM,30-NOV-20,Oct 2020,$0.75,$0.99,0.24,"32.0"
ZNGA,04-NOV-20,Sep 2020,$0.09, - $0.03,-0.12,"-133.3"
ZS,02-DEC-20,Oct 2020,$0.06,$0.14,0.08,"133.3"
ZTS,05-NOV-20,Sep 2020,$0.89,$1.10,0.21,"23.6"
